variable,count,mean,std,min,25%,50%,75%,max,original
dummy1,1000.0,-0.00013437097325642066,0.01031833032327586,-0.030630728901059,-0.007057009973726325,3.950803994001717e-05,0.0065607263470148,0.0304918792549635,0.0005784195295257
dummy2,1000.0,0.0005441152804092166,0.011413242723932824,-0.0431279911724047,-0.007308853299660726,0.0010932600244988,0.008485410190183423,0.0325625047295403,-0.0198715175440007
x1,1000.0,-0.13777592723417692,3.183004187641169,-10.938646941297586,-2.3308872546986916,-0.12828824596603466,1.9633180022044805,28.205845938944,28.205845938944
x2,1000.0,0.019747865895579992,7.686648114282526,-21.29281738840129,-5.11554589412857,-0.09589024290617171,4.656760321000879,75.05107435135045,75.05107435135045
x3,1000.0,0.06478936285645662,1.974662780174915,-5.469453234551104,-1.1766505536356917,-0.0340513820070711,1.3522847278284977,17.753499323875257,17.753499323875257
